ip.version,ip.hdr_len,ip.tos,ip.id,ip.flags,ip.flags.rb,ip.flags.df,ip.flags.mf,ip.frag_offset,ip.ttl,ip.proto,ip.checksum,ip.src,ip.dst,ip.len,ip.dsfield,tcp.srcport,tcp.dstport,tcp.seq,tcp.ack,tcp.len,tcp.hdr_len,tcp.flags,tcp.flags.fin,tcp.flags.syn,tcp.flags.reset,tcp.flags.push,tcp.flags.ack,tcp.flags.urg,tcp.flags.cwr,tcp.window_size,tcp.checksum,tcp.urgent_pointer,tcp.options.mss_val
"4","20",,"0x0000","0x02","0","1","0","0","64","17","0x33fc","192.168.1.2","142.250.182.14","62","0x00",,,,,,,,,,,,,,,,,,
"4","20",,"0x0000","0x02","0","1","0","0","56","17","0x3c01","142.250.182.14","192.168.1.2","57","0x00",,,,,,,,,,,,,,,,,,
"6",,,,,,,,,,,,,,,,"50013","49637","1","1","349","32","0x0018","0","0","0","1","1","0","0","134","0x17b3","0",
"6",,,,,,,,,,,,,,,,"49637","50013","1","350","0","32","0x0010","0","0","0","0","1","0","0","2042","0x7791","0",
"6",,,,,,,,,,,,,,,,"49637","50013","1","350","264","32","0x0018","0","0","0","1","1","0","0","2048","0x1153","0",
"6",,,,,,,,,,,,,,,,"50013","49637","1","1","349","32","0x0018","0","0","0","1","1","0","0","134","0x16d4","0",
"6",,,,,,,,,,,,,,,,"49637","50013","265","350","0","44","0x0010","0","0","0","0","1","0","0","2048","0x101a","0",
"6",,,,,,,,,,,,,,,,"50013","49637","350","265","0","32","0x0010","0","0","0","0","1","0","0","157","0x7d03","0",
"4","20",,"0xe9a6","0x00","0","0","0","0","64","6","0x4dbc","192.168.1.2","18.161.111.34","40","0x00","49885","443","1","1","0","20","0x0010","0","0","0","0","1","0","0","9188","0x9014","0",
"4","20",,"0xd5fb","0x00","0","0","0","0","64","6","0x6167","192.168.1.2","18.161.111.34","40","0x00","49888","443","1","1","0","20","0x0010","0","0","0","0","1","0","0","2048","0x1ddc","0",
"4","20",,"0x60b1","0x00","0","0","0","0","244","6","0x2285","18.161.111.34","192.168.1.2","52","0x20","443","49885","1","2","0","32","0x0010","0","0","0","0","1","0","0","135","0x58c0","0",
"4","20",,"0xebc2","0x00","0","0","0","0","244","6","0x9773","18.161.111.34","192.168.1.2","52","0x20","443","49888","1","2","0","32","0x0010","0","0","0","0","1","0","0","135","0x2ef7","0",
"6",,,,,,,,,,,,,,,,,,,,,,,,,,,,,,,,,
"4","20",,"0x9440","0x00","0","0","0","0","64","6","0x134f","192.168.1.2","151.101.122.49","40","0x00","49891","443","1","1","0","20","0x0010","0","0","0","0","1","0","0","2048","0x23ac","0",
"4","20",,"0xc127","0x02","0","1","0","0","50","6","0xb433","151.101.122.49","192.168.1.2","52","0x28","443","49891","1","2","0","32","0x0010","0","0","0","0","1","0","0","287","0xaee2","0",
"4","20",,"0x8f5d","0x00","0","0","0","0","64","6","0x19dd","192.168.1.2","151.101.120.134","40","0x00","49887","443","1","1","0","20","0x0010","0","0","0","0","1","0","0","2048","0x1544","0",
"4","20",,"0x0000","0x02","0","1","0","0","64","17","0x33fc","192.168.1.2","142.250.182.14","62","0x00",,,,,,,,,,,,,,,,,,
"4","20",,"0x0000","0x02","0","1","0","0","56","17","0x3c01","142.250.182.14","192.168.1.2","57","0x00",,,,,,,,,,,,,,,,,,
"4","20",,"0x0000","0x02","0","1","0","0","64","6","0xe0f0","192.168.1.2","162.247.241.14","1109","0x02","49562","443","1","1","1057","32","0x0018","0","0","0","1","1","0","0","2048","0x4ebd","0",
"4","20",,"0x0a0b","0x02","0","1","0","0","55","6","0xe408","162.247.241.14","192.168.1.2","52","0x00","443","49562","1","1058","0","32","0x0010","0","0","0","0","1","0","0","8","0xc197","0",
"4","20",,"0xda2a","0x02","0","1","0","0","50","6","0x9cdb","151.101.120.134","192.168.1.2","52","0x28","443","49887","1","2","0","32","0x0010","0","0","0","0","1","0","0","301","0xb9d0","0",
"4","20",,"0x0a0c","0x02","0","1","0","0","55","6","0xe272","162.247.241.14","192.168.1.2","455","0x02","443","49562","1","1058","403","32","0x0018","0","0","0","1","1","0","0","8","0x8817","0",
"4","20",,"0x0000","0x02","0","1","0","0","64","6","0xe513","192.168.1.2","162.247.241.14","52","0x00","49562","443","1058","404","0","32","0x0010","0","0","0","0","1","0","0","2041","0xb5e2","0",
"4","20",,"0x82cf","0x00","0","0","0","0","64","6","0x2fcb","192.168.1.2","146.75.116.64","40","0x00","49894","443","1","1","0","20","0x0010","0","0","0","0","1","0","0","2048","0x6d20","0",
"6",,,,,,,,,,,,,,,,,,,,,,,,,,,,,,,,,
"4","20",,"0x0c26","0x02","0","1","0","0","48","6","0x7648","146.75.116.64","192.168.1.2","52","0x20","443","49894","1","2","0","32","0x0010","0","0","0","0","1","0","0","290","0x9848","0",
"4","20",,"0xac4f","0x00","0","0","0","0","64","6","0xff4b","192.168.1.2","198.8.71.130","40","0x00","49900","443","1","1","0","20","0x0010","0","0","0","0","1","0","0","2048","0xa95e","0",
"6",,,,,,,,,,,,,,,,,,,,,,,,,,,,,,,,,
"4","20",,"0x22ae","0x00","0","0","0","0","64","6","0x88ed","192.168.1.2","198.8.71.130","40","0x00","49903","443","1","1","0","20","0x0010","0","0","0","0","1","0","0","2048","0x36dd","0",
"4","20",,"0xde1a","0x02","0","1","0","0","242","6","0xdb5f","198.8.71.130","192.168.1.2","40","0x20","443","49900","1","2","0","20","0x0010","0","0","0","0","1","0","0","16483","0x70fa","0",
"4","20",,"0xe3b3","0x02","0","1","0","0","242","6","0xd5c6","198.8.71.130","192.168.1.2","40","0x20","443","49903","1","2","0","20","0x0010","0","0","0","0","1","0","0","17678","0xf9cd","0",
"4","20",,"0x0000","0x02","0","1","0","0","64","17","0x33fc","192.168.1.2","142.250.182.14","62","0x00",,,,,,,,,,,,,,,,,,
"4","20",,"0x0000","0x02","0","1","0","0","56","17","0x3c01","142.250.182.14","192.168.1.2","57","0x00",,,,,,,,,,,,,,,,,,
"4","20",,"0x0c98","0x00","0","0","0","0","64","6","0x5396","192.168.1.2","66.117.22.131","40","0x00","49964","443","1","1","0","20","0x0010","0","0","0","0","1","0","0","2048","0x181b","0",
"4","20",,"0x8504","0x02","0","1","0","0","41","6","0xb21d","66.117.22.131","192.168.1.2","52","0x00","443","49964","1","2","0","32","0x0010","0","0","0","0","1","0","0","219","0x497f","0",
"6",,,,,,,,,,,,,,,,,,,,,,,,,,,,,,,,,
"4","20",,"0xb21b","0x02","0","1","0","0","255","17","0x269e","192.168.1.54","224.0.0.251","89","0x00",,,,,,,,,,,,,,,,,,
"6",,,,,,,,,,,,,,,,,,,,,,,,,,,,,,,,,
"4","20",,"0x0000","0x02","0","1","0","0","64","6","0xf6a6","192.168.1.2","157.240.228.60","122","0x00","49553","443","1","1","70","32","0x0018","0","0","0","1","1","0","0","2048","0x5864","0",
"4","20",,"0xbafe","0x02","0","1","0","0","85","6","0x26ee","157.240.228.60","192.168.1.2","52","0x00","443","49553","1","71","0","32","0x0010","0","0","0","0","1","0","0","334","0x8f93","0",
"4","20",,"0xbaff","0x02","0","1","0","0","85","6","0x26a5","157.240.228.60","192.168.1.2","124","0x00","443","49553","1","71","72","32","0x0018","0","0","0","1","1","0","0","334","0x0583","0",
"4","20",,"0x0000","0x02","0","1","0","0","64","6","0xf6ec","192.168.1.2","157.240.228.60","52","0x00","49553","443","71","73","0","32","0x0010","0","0","0","0","1","0","0","2046","0x86da","0",
"4","20",,"0x0000","0x02","0","1","0","0","64","6","0x39de","192.168.1.2","52.7.11.13","90","0x02","49558","443","1","1","38","32","0x0018","0","0","0","1","1","0","0","2048","0x561d","0",
"6",,,,,,,,,,,,,,,,,,,,,,,,,,,,,,,,,
"4","20",,"0xfb84","0x02","0","1","0","0","42","6","0xfd41","54.227.95.54","192.168.1.2","76","0x22","443","49890","1","1","24","32","0x0018","0","0","0","1","1","0","0","530","0x7358","0",
"4","20",,"0x0000","0x02","0","1","0","0","64","6","0xe300","192.168.1.2","54.227.95.54","52","0x00","49890","443","1","25","0","32","0x0010","0","0","0","0","1","0","0","2048","0xb90d","0",
"4","20",,"0x0000","0x02","0","1","0","0","64","6","0xe2e2","192.168.1.2","54.227.95.54","80","0x02","49890","443","1","25","28","32","0x0018","0","0","0","1","1","0","0","2048","0xf2ef","0",
"4","20",,"0xc3fc","0x02","0","1","0","0","234","6","0xcbc6","52.7.11.13","192.168.1.2","84","0x22","443","49558","1","39","32","32","0x0018","0","0","0","1","1","0","0","204","0x8fd4","0",
"4","20",,"0x0000","0x02","0","1","0","0","64","6","0x3a06","192.168.1.2","52.7.11.13","52","0x00","49558","443","39","33","0","32","0x0010","0","0","0","0","1","0","0","2047","0x60df","0",
"4","20",,"0xfb85","0x02","0","1","0","0","42","6","0xfd5a","54.227.95.54","192.168.1.2","52","0x20","443","49890","25","29","0","32","0x0010","0","0","0","0","1","0","0","530","0xbdf9","0",
"4","20",,"0xbb00","0x02","0","1","0","0","85","6","0x2585","157.240.228.60","192.168.1.2","411","0x00","443","49553","73","71","359","32","0x0018","0","0","0","1","1","0","0","334","0x0bba","0",
"4","20",,"0x0000","0x02","0","1","0","0","64","6","0xf6ec","192.168.1.2","157.240.228.60","52","0x00","49553","443","71","432","0","32","0x0010","0","0","0","0","1","0","0","2042","0x6600","0",
"4","20",,"0x0000","0x02","0","1","0","0","64","6","0xf69b","192.168.1.2","157.240.228.60","133","0x00","49553","443","71","432","81","32","0x0018","0","0","0","1","1","0","0","2048","0x3364","0",
"4","20",,"0xbb01","0x02","0","1","0","0","85","6","0x26eb","157.240.228.60","192.168.1.2","52","0x00","443","49553","432","152","0","32","0x0010","0","0","0","0","1","0","0","334","0x6bcd","0",
"4","20",,"0x0000","0x02","0","1","0","0","64","6","0xf68d","192.168.1.2","157.240.228.60","147","0x00","49553","443","152","432","95","32","0x0018","0","0","0","1","1","0","0","2048","0xca1b","0",
"4","20",,"0x0000","0x02","0","1","0","0","64","6","0xf68b","192.168.1.2","157.240.228.60","149","0x00","49553","443","247","432","97","32","0x0018","0","0","0","1","1","0","0","2048","0x54a5","0",
"4","20",,"0xbb02","0x02","0","1","0","0","85","6","0x26ea","157.240.228.60","192.168.1.2","52","0x00","443","49553","432","247","0","32","0x0010","0","0","0","0","1","0","0","334","0x6ab5","0",
"4","20",,"0xbb03","0x02","0","1","0","0","85","6","0x26e9","157.240.228.60","192.168.1.2","52","0x00","443","49553","432","344","0","32","0x0010","0","0","0","0","1","0","0","334","0x6a54","0",
"6",,,,,,,,,,,,,,,,,,,,,,,,,,,,,,,,,
"6",,,,,,,,,,,,,,,,,,,,,,,,,,,,,,,,,
"4","20",,"0xbb04","0x02","0","1","0","0","85","6","0x2557","157.240.228.60","192.168.1.2","453","0x00","443","49553","432","344","401","32","0x0018","0","0","0","1","1","0","0","334","0x589d","0",
"4","20",,"0xbb05","0x02","0","1","0","0","85","6","0x2530","157.240.228.60","192.168.1.2","491","0x00","443","49553","833","344","439","32","0x0018","0","0","0","1","1","0","0","334","0x59bb","0",
"4","20",,"0x0000","0x02","0","1","0","0","64","6","0xf6ec","192.168.1.2","157.240.228.60","52","0x00","49553","443","344","1272","0","32","0x0010","0","0","0","0","1","0","0","2034","0x5e4c","0",
"6",,,,,,,,,,,,,,,,,,,,,,,,,,,,,,,,,
"4","20",,"0x521c","0x00","0","0","0","0","64","17","0xa53f","192.168.1.2","192.168.1.1","62","0x00",,,,,,,,,,,,,,,,,,
"4","20",,"0x0000","0x02","0","1","0","0","64","17","0xb732","192.168.1.1","192.168.1.2","103","0x00",,,,,,,,,,,,,,,,,,
"4","20",,"0x0000","0x02","0","1","0","0","64","6","0xf6e0","192.168.1.2","157.240.228.60","64","0x00","49971","443","0","0","0","44","0x00c2","0","1","0","0","0","0","1","65535","0x61c3","0","1460"
"4","20",,"0x0000","0x02","0","1","0","0","85","6","0xe1e4","157.240.228.60","192.168.1.2","60","0x00","443","49971","0","1","0","40","0x0012","0","1","0","0","1","0","0","65535","0xf6ff","0","1392"
"4","20",,"0x0000","0x02","0","1","0","0","64","6","0xf6ec","192.168.1.2","157.240.228.60","52","0x00","49971","443","1","1","0","32","0x0010","0","0","0","0","1","0","0","131072","0x1d82","0",
"4","20",,"0x0000","0x02","0","1","0","0","64","6","0xf4e7","192.168.1.2","157.240.228.60","569","0x00","49971","443","1","1","517","32","0x0018","0","0","0","1","1","0","0","131072","0xb06f","0",
"4","20",,"0x83f1","0x02","0","1","0","0","85","6","0x5dfb","157.240.228.60","192.168.1.2","52","0x00","443","49971","1","518","0","32","0x0010","0","0","0","0","1","0","0","66816","0x2271","0",
"4","20",,"0x83f2","0x02","0","1","0","0","85","6","0x5d26","157.240.228.60","192.168.1.2","264","0x00","443","49971","1","518","212","32","0x0018","0","0","0","1","1","0","0","66816","0x3dcc","0",
"4","20",,"0x0000","0x02","0","1","0","0","64","6","0xf6ec","192.168.1.2","157.240.228.60","52","0x00","49971","443","518","213","0","32","0x0010","0","0","0","0","1","0","0","130880","0x1a9a","0",
"4","20",,"0x0000","0x02","0","1","0","0","64","6","0xf6ac","192.168.1.2","157.240.228.60","116","0x00","49971","443","518","213","64","32","0x0018","0","0","0","1","1","0","0","131072","0x50b8","0",
"4","20",,"0x0000","0x02","0","1","0","0","64","6","0xf690","192.168.1.2","157.240.228.60","144","0x00","49971","443","582","213","92","32","0x0018","0","0","0","1","1","0","0","131072","0x175d","0",
"4","20",,"0x0000","0x02","0","1","0","0","64","6","0xf533","192.168.1.2","157.240.228.60","493","0x00","49971","443","674","213","441","32","0x0018","0","0","0","1","1","0","0","131072","0x7220","0",
"4","20",,"0x83f3","0x02","0","1","0","0","85","6","0x5df9","157.240.228.60","192.168.1.2","52","0x00","443","49971","213","1115","0","32","0x0010","0","0","0","0","1","0","0","67840","0x1f30","0",
"4","20",,"0x83f4","0x02","0","1","0","0","85","6","0x5d4d","157.240.228.60","192.168.1.2","223","0x00","443","49971","213","1115","171","32","0x0018","0","0","0","1","1","0","0","67840","0x32fb","0",
"4","20",,"0x0000","0x02","0","1","0","0","64","6","0xf6ec","192.168.1.2","157.240.228.60","52","0x00","49971","443","1115","384","0","32","0x0010","0","0","0","0","1","0","0","130880","0x1787","0",
"4","20",,"0x83f5","0x02","0","1","0","0","85","6","0x5dad","157.240.228.60","192.168.1.2","126","0x00","443","49971","384","1115","74","32","0x0018","0","0","0","1","1","0","0","67840","0x149d","0",
"4","20",,"0x0000","0x02","0","1","0","0","64","6","0xf6ec","192.168.1.2","157.240.228.60","52","0x00","49971","443","1115","458","0","32","0x0010","0","0","0","0","1","0","0","130944","0x173b","0",
"4","20",,"0x0000","0x02","0","1","0","0","64","6","0xf6cd","192.168.1.2","157.240.228.60","83","0x00","49971","443","1115","458","31","32","0x0018","0","0","0","1","1","0","0","131072","0x786c","0",
"4","20",,"0x83f6","0x02","0","1","0","0","85","6","0x5dca","157.240.228.60","192.168.1.2","96","0x00","443","49971","458","1115","44","32","0x0018","0","0","0","1","1","0","0","67840","0xb844","0",
"4","20",,"0x0000","0x02","0","1","0","0","64","6","0xf6ec","192.168.1.2","157.240.228.60","52","0x00","49971","443","1146","502","0","32","0x0010","0","0","0","0","1","0","0","131008","0x16ee","0",
"4","20",,"0x83f7","0x02","0","1","0","0","85","6","0x5891","157.240.228.60","192.168.1.2","1432","0x00","443","49971","502","1115","1380","32","0x0010","0","0","0","0","1","0","0","67840","0xc4c2","0",
"4","20",,"0x83f8","0x02","0","1","0","0","85","6","0x5890","157.240.228.60","192.168.1.2","1432","0x00","443","49971","1882","1115","1380","32","0x0010","0","0","0","0","1","0","0","67840","0x070c","0",
"4","20",,"0x83f9","0x02","0","1","0","0","85","6","0x5ce7","157.240.228.60","192.168.1.2","320","0x00","443","49971","3262","1115","268","32","0x0018","0","0","0","1","1","0","0","67840","0xe877","0",
"4","20",,"0x0000","0x02","0","1","0","0","64","6","0xf6ec","192.168.1.2","157.240.228.60","52","0x00","49971","443","1146","3530","0","32","0x0010","0","0","0","0","1","0","0","128000","0x0b47","0",
"4","20",,"0x0000","0x02","0","1","0","0","64","6","0xf6ec","192.168.1.2","157.240.228.60","52","0x00","49971","443","1146","3530","0","32","0x0010","0","0","0","0","1","0","0","131072","0x0b17","0",
"4","20",,"0x83fa","0x02","0","1","0","0","85","6","0x5df2","157.240.228.60","192.168.1.2","52","0x00","443","49971","3530","1146","0","32","0x0010","0","0","0","0","1","0","0","67840","0x11e0","0",
"6",,,,,,,,,,,,,,,,"50013","49637","350","265","349","32","0x0018","0","0","0","1","1","0","0","157","0x7e1b","0",
"6",,,,,,,,,,,,,,,,"49637","50013","265","699","0","32","0x0010","0","0","0","0","1","0","0","2048","0x2105","0",
"6",,,,,,,,,,,,,,,,"49637","50013","265","699","264","32","0x0098","0","0","0","1","1","0","1","2048","0x7b7c","0",
"6",,,,,,,,,,,,,,,,"50013","49637","699","529","0","32","0x0010","0","0","0","0","1","0","0","157","0x275b","0",
"4","20",,"0x0000","0x02","0","1","0","0","64","17","0x33fc","192.168.1.2","142.250.182.14","62","0x00",,,,,,,,,,,,,,,,,,
"4","20",,"0x0000","0x02","0","1","0","0","56","17","0x3c00","142.250.182.14","192.168.1.2","58","0x00",,,,,,,,,,,,,,,,,,
"6",,,,,,,,,,,,,,,,,,,,,,,,,,,,,,,,,
"6",,,,,,,,,,,,,,,,"50013","49637","698","529","0","20","0x0010","0","0","0","0","1","0","0","2048","0x07e8","0",
"6",,,,,,,,,,,,,,,,"49637","50013","529","699","0","32","0x0010","0","0","0","0","1","0","0","2048","0x1bdb","0",
"4","20",,"0x1daf","0x02","0","1","0","0","49","6","0xa8ee","66.203.125.15","192.168.1.2","436","0x22","443","49287","1","1","384","32","0x0018","0","0","0","1","1","0","0","43","0x1959","0",
"4","20",,"0x0000","0x02","0","1","0","0","64","6","0xb93f","192.168.1.2","66.203.125.15","52","0x00","49287","443","1","385","0","32","0x0010","0","0","0","0","1","0","0","2048","0x838b","0",
"4","20",,"0x0000","0x02","0","1","0","0","64","6","0xb7e4","192.168.1.2","66.203.125.15","397","0x02","49287","443","1","385","345","32","0x0018","0","0","0","1","1","0","0","2048","0xbace","0",
"4","20",,"0x1db0","0x02","0","1","0","0","49","6","0xaa6f","66.203.125.15","192.168.1.2","52","0x20","443","49287","385","346","0","32","0x0010","0","0","0","0","1","0","0","43","0x8790","0",
"4","20",,"0x73e3","0x00","0","0","0","0","64","6","0x9f43","192.168.1.2","54.192.111.63","40","0x00","49896","443","1","1","0","20","0x0010","0","0","0","0","1","0","0","2048","0x4332","0",
"4","20",,"0xb738","0x00","0","0","0","0","244","6","0xa7c1","54.192.111.63","192.168.1.2","52","0x20","443","49896","1","2","0","32","0x0010","0","0","0","0","1","0","0","152","0x4ccd","0",
"4","20",,"0x4fae","0x02","0","1","0","0","255","17","0x893d","192.168.1.4","224.0.0.251","89","0x00",,,,,,,,,,,,,,,,,,
"4","20",,"0x5d23","0x00","0","0","0","0","64","6","0x2bbb","192.168.1.2","199.232.104.95","40","0x00","49818","443","1","1","0","20","0x0010","0","0","0","0","1","0","0","2723","0x1d0a","0",
"4","20",,"0x16fe","0x02","0","1","0","0","58","6","0x37b4","199.232.104.95","192.168.1.2","52","0x20","443","49818","1","2","0","32","0x0010","0","0","0","0","1","0","0","288","0xa730","0",
,,,,,,,,,,,,,,,,,,,,,,,,,,,,,,,,,
"6",,,,,,,,,,,,,,,,,,,,,,,,,,,,,,,,,
"4","20",,"0xa2cf","0x00","0","0","0","0","64","6","0x7987","192.168.1.2","34.98.122.109","40","0x00","49951","443","1","1","0","20","0x0010","0","0","0","0","1","0","0","2048","0x3793","0",
"4","20",,"0x6d32","0x00","0","0","0","0","119","6","0x7818","34.98.122.109","192.168.1.2","52","0x00","443","49951","1","2","0","32","0x0010","0","0","0","0","1","0","0","261","0x2453","0",
"4","20",,"0x9b7c","0x00","0","0","0","0","64","6","0x0762","192.168.1.2","13.67.9.5","40","0x00","49906","443","1","1","0","20","0x0010","0","0","0","0","1","0","0","2048","0x59b8","0",
"4","20",,"0x3e2c","0x00","0","0","0","0","64","6","0x4ab2","192.168.1.2","199.232.104.95","40","0x00","49819","443","1","1","0","20","0x0010","0","0","0","0","1","0","0","2723","0xb1fb","0",
"4","20",,"0x9733","0x02","0","1","0","0","58","6","0xb77e","199.232.104.95","192.168.1.2","52","0x20","443","49819","1","2","0","32","0x0010","0","0","0","0","1","0","0","290","0x5e34","0",
"6",,,,,,,,,,,,,,,,,,,,,,,,,,,,,,,,,
"4","20",,"0x325d","0x02","0","1","0","0","109","6","0x0375","13.67.9.5","192.168.1.2","52","0x00","443","49906","1","2","0","32","0x0010","0","0","0","0","1","0","0","1029","0xa20a","0",
"4","20",,"0xd98f","0x00","0","0","0","0","64","6","0x6172","192.168.1.2","54.218.71.74","40","0x00","49953","443","1","1","0","20","0x0010","0","0","0","0","1","0","0","2048","0xaf78","0",
"4","20",,"0x0b1e","0x02","0","1","0","0","32","6","0x0fb8","54.218.71.74","192.168.1.2","52","0x20","443","49953","1","2","0","32","0x0010","0","0","0","0","1","0","0","219","0x46fe","0",
"4","20",,"0x406c","0x00","0","0","0","0","64","6","0x8d6a","192.168.1.2","13.249.221.86","40","0x00","49960","443","1","1","0","20","0x0010","0","0","0","0","1","0","0","2048","0xb568","0",
"4","20",,"0x3bf4","0x00","0","0","0","0","64","6","0x9273","192.168.1.2","18.161.216.29","40","0x00","49958","443","1","1","0","20","0x0010","0","0","0","0","1","0","0","2048","0xd601","0",
"6",,,,,,,,,,,,,,,,,,,,,,,,,,,,,,,,,
"4","20",,"0x0a0d","0x02","0","1","0","0","55","6","0xe406","162.247.241.14","192.168.1.2","52","0x00","443","49562","403","1058","0","32","0x0010","0","0","0","0","1","0","0","8","0x81da","0",
"4","20",,"0x0000","0x02","0","1","0","0","64","6","0xe513","192.168.1.2","162.247.241.14","52","0x00","49562","443","1058","404","0","32","0x0010","0","0","0","0","1","0","0","2048","0x791d","0",
"4","20",,"0x0632","0x00","0","0","0","0","242","6","0x1598","13.249.221.86","192.168.1.2","52","0x00","443","49960","1","2","0","32","0x0010","0","0","0","0","1","0","0","133","0x75a3","0",
"4","20",,"0x91a5","0x00","0","0","0","0","244","6","0x88b5","18.161.216.29","192.168.1.2","52","0x00","443","49958","1","2","0","32","0x0010","0","0","0","0","1","0","0","198","0x2e1c","0",
"4","20",,"0x8007","0x02","0","1","0","0","55","6","0x2bf5","104.17.108.108","192.168.1.2","466","0x02","443","49969","1","1","414","32","0x0018","0","0","0","1","1","0","0","8","0xa209","0",
"4","20",,"0x0000","0x02","0","1","0","0","64","6","0xa49c","192.168.1.2","104.17.108.108","52","0x00","49969","443","1","415","0","32","0x0010","0","0","0","0","1","0","0","2041","0xdc89","0",
"4","20",,"0x0000","0x02","0","1","0","0","64","6","0xa33d","192.168.1.2","104.17.108.108","401","0x02","49969","443","1","415","349","32","0x0018","0","0","0","1","1","0","0","2048","0xd9c9","0",
"4","20",,"0x8008","0x02","0","1","0","0","55","6","0x2d94","104.17.108.108","192.168.1.2","52","0x00","443","49969","415","350","0","32","0x0010","0","0","0","0","1","0","0","8","0xe2aa","0",
"4","20",,"0x863c","0x00","0","0","0","0","64","6","0x482b","192.168.1.2","18.161.216.29","40","0x00","49956","443","1","1","0","20","0x0010","0","0","0","0","1","0","0","2048","0x53d4","0",
"4","20",,"0x2f7c","0x00","0","0","0","0","64","6","0x9eeb","192.168.1.2","18.161.216.29","40","0x00","49955","443","1","1","0","20","0x0010","0","0","0","0","1","0","0","2048","0xc3f6","0",
"4","20",,"0x49b7","0x00","0","0","0","0","245","6","0xcfa3","18.161.216.29","192.168.1.2","52","0x00","443","49956","1","2","0","32","0x0010","0","0","0","0","1","0","0","153","0xa0ee","0",
"4","20",,"0x7d9f","0x00","0","0","0","0","244","6","0x9cbb","18.161.216.29","192.168.1.2","52","0x00","443","49955","1","2","0","32","0x0010","0","0","0","0","1","0","0","153","0xf605","0",
"4","20",,"0xa66f","0x00","0","0","0","0","64","6","0x27f8","192.168.1.2","18.161.216.29","40","0x00","49957","443","1","1","0","20","0x0010","0","0","0","0","1","0","0","2048","0x95ca","0",
"4","20",,"0xe3ff","0x00","0","0","0","0","245","6","0x355b","18.161.216.29","192.168.1.2","52","0x00","443","49957","1","2","0","32","0x0010","0","0","0","0","1","0","0","153","0x5885","0",
"4","20",,"0x6db9","0x00","0","0","0","0","64","6","0xbf85","192.168.1.2","52.205.87.26","40","0x00","49962","443","1","1","0","20","0x0010","0","0","0","0","1","0","0","2048","0x4784","0",
"4","20",,"0xfb86","0x02","0","1","0","0","42","6","0xfd3f","54.227.95.54","192.168.1.2","76","0x22","443","49890","25","29","24","32","0x0018","0","0","0","1","1","0","0","530","0x313e","0",
"4","20",,"0x0000","0x02","0","1","0","0","64","6","0xe300","192.168.1.2","54.227.95.54","52","0x00","49890","443","29","49","0","32","0x0010","0","0","0","0","1","0","0","2048","0x6ab8","0",
"4","20",,"0x0000","0x02","0","1","0","0","64","6","0xe2e2","192.168.1.2","54.227.95.54","80","0x02","49890","443","29","49","28","32","0x0018","0","0","0","1","1","0","0","2048","0x3611","0",
"4","20",,"0xc67c","0x02","0","1","0","0","238","6","0x7895","52.205.87.26","192.168.1.2","52","0x20","443","49962","1","2","0","32","0x0010","0","0","0","0","1","0","0","110","0x2726","0",
"4","20",,"0xb0be","0x02","0","1","0","0","55","6","0xfc3d","104.17.107.108","192.168.1.2","466","0x02","443","49776","1","1","414","32","0x0018","0","0","0","1","1","0","0","8","0x6263","0",
"4","20",,"0xfb87","0x02","0","1","0","0","42","6","0xfd58","54.227.95.54","192.168.1.2","52","0x20","443","49890","49","57","0","32","0x0010","0","0","0","0","1","0","0","530","0x6fa2","0",
"4","20",,"0x0000","0x02","0","1","0","0","64","6","0xa59c","192.168.1.2","104.17.107.108","52","0x00","49776","443","1","415","0","32","0x0010","0","0","0","0","1","0","0","2048","0x01c6","0",
"4","20",,"0x0000","0x02","0","1","0","0","64","6","0xa43d","192.168.1.2","104.17.107.108","401","0x02","49776","443","1","415","349","32","0x0018","0","0","0","1","1","0","0","2048","0xc69a","0",
"4","20",,"0xb0bf","0x02","0","1","0","0","55","6","0xfddc","104.17.107.108","192.168.1.2","52","0x00","443","49776","415","350","0","32","0x0010","0","0","0","0","1","0","0","8","0x080b","0",
"4","20",,"0x2fd3","0x00","0","0","0","0","64","6","0x9e94","192.168.1.2","18.161.216.29","40","0x00","49954","443","1","1","0","20","0x0010","0","0","0","0","1","0","0","4636","0x009d","0",
"4","20",,"0x0564","0x00","0","0","0","0","244","6","0x14f7","18.161.216.29","192.168.1.2","52","0x00","443","49954","1","2","0","32","0x0010","0","0","0","0","1","0","0","220","0xd370","0",
"4","20",,"0xc2d1","0x00","0","0","0","0","1","17","0x53de","192.168.1.2","224.0.0.251","152","0x00",,,,,,,,,,,,,,,,,,
"4","20",,"0x0000","0x02","0","1","0","0","255","17","0xf2cc","192.168.1.8","192.168.1.2","1477","0x00",,,,,,,,,,,,,,,,,,
"4","20",,"0xc012","0x00","0","0","0","0","64","6","0x0e55","192.168.1.2","18.161.216.29","40","0x00","49959","443","1","1","0","20","0x0010","0","0","0","0","1","0","0","2449","0x74c5","0",
"4","20",,"0x8f2e","0x00","0","0","0","0","64","6","0x57ad","192.168.1.2","142.250.67.80","40","0x00","49813","443","1","1","0","20","0x0010","0","0","0","0","1","0","0","2048","0x0c97","0",
"4","20",,"0x42f4","0x00","0","0","0","0","245","6","0xd666","18.161.216.29","192.168.1.2","52","0x00","443","49959","1","2","0","32","0x0010","0","0","0","0","1","0","0","175","0xc5e8","0",
"4","20",,"0xfcd4","0x00","0","0","0","0","119","6","0xb2fa","142.250.67.80","192.168.1.2","52","0x00","443","49813","1","2","0","32","0x0010","0","0","0","0","1","0","0","265","0x82ad","0",
"6",,,,,,,,,,,,,,,,"50013","49637","699","529","349","32","0x0018","0","0","0","1","1","0","0","157","0x631a","0",
"6",,,,,,,,,,,,,,,,"49637","50013","529","1048","0","32","0x0010","0","0","0","0","1","0","0","2048","0xcb78","0",
"6",,,,,,,,,,,,,,,,"49637","50013","529","1048","264","32","0x0018","0","0","0","1","1","0","0","2048","0x6bba","0",
"6",,,,,,,,,,,,,,,,"50013","49637","1048","793","0","32","0x0010","0","0","0","0","1","0","0","157","0xd161","0",
"6",,,,,,,,,,,,,,,,"50013","49637","1047","793","0","20","0x0010","0","0","0","0","1","0","0","2048","0x0583","0",
"6",,,,,,,,,,,,,,,,"49637","50013","793","1048","0","32","0x0010","0","0","0","0","1","0","0","2048","0xc64b","0",
"4","20",,"0x0000","0x02","0","1","0","0","64","17","0x33fc","192.168.1.2","142.250.182.14","62","0x00",,,,,,,,,,,,,,,,,,
"4","20",,"0x0000","0x02","0","1","0","0","64","17","0x33fc","192.168.1.2","142.250.182.14","62","0x00",,,,,,,,,,,,,,,,,,
"4","20",,"0x0000","0x02","0","1","0","0","56","17","0x3bff","142.250.182.14","192.168.1.2","59","0x00",,,,,,,,,,,,,,,,,,
"4","20",,"0x0000","0x02","0","1","0","0","56","17","0x3bf9","142.250.182.14","192.168.1.2","65","0x00",,,,,,,,,,,,,,,,,,
"4","20",,"0x0000","0x02","0","1","0","0","56","17","0x3bf9","142.250.182.14","192.168.1.2","65","0x00",,,,,,,,,,,,,,,,,,
"4","20",,"0x0000","0x02","0","1","0","0","64","17","0x33fb","192.168.1.2","142.250.182.14","63","0x00",,,,,,,,,,,,,,,,,,
,,,,,,,,,,,,,,,,,,,,,,,,,,,,,,,,,
,,,,,,,,,,,,,,,,,,,,,,,,,,,,,,,,,
"4","20",,"0x0000","0x02","0","1","0","0","64","17","0x33fc","192.168.1.2","142.250.182.14","62","0x00",,,,,,,,,,,,,,,,,,
"4","20",,"0x0000","0x02","0","1","0","0","56","17","0x3c04","142.250.182.14","192.168.1.2","54","0x00",,,,,,,,,,,,,,,,,,
"4","20",,"0x0000","0x02","0","1","0","0","64","17","0x33fc","192.168.1.2","142.250.182.14","62","0x00",,,,,,,,,,,,,,,,,,
"4","20",,"0x0000","0x02","0","1","0","0","56","17","0x3c04","142.250.182.14","192.168.1.2","54","0x00",,,,,,,,,,,,,,,,,,
"4","20",,"0x0000","0x02","0","1","0","0","64","17","0x33fc","192.168.1.2","142.250.182.14","62","0x00",,,,,,,,,,,,,,,,,,
"4","20",,"0x0000","0x02","0","1","0","0","56","17","0x3c04","142.250.182.14","192.168.1.2","54","0x00",,,,,,,,,,,,,,,,,,
"4","20",,"0x0000","0x02","0","1","0","0","64","17","0x33fc","192.168.1.2","142.250.182.14","62","0x00",,,,,,,,,,,,,,,,,,
"4","20",,"0x0000","0x02","0","1","0","0","56","17","0x3c04","142.250.182.14","192.168.1.2","54","0x00",,,,,,,,,,,,,,,,,,
"4","20",,"0x0000","0x02","0","1","0","0","64","17","0x33fc","192.168.1.2","142.250.182.14","62","0x00",,,,,,,,,,,,,,,,,,
"4","20",,"0x245c","0x00","0","0","0","0","64","6","0x287e","192.168.1.2","34.237.73.95","40","0x00","49556","443","1","1","0","20","0x0010","0","0","0","0","1","0","0","2048","0x3546","0",
"4","20",,"0x0000","0x02","0","1","0","0","64","6","0x0bd3","192.168.1.2","34.237.73.95","301","0x02","49556","443","2","1","249","32","0x0018","0","0","0","1","1","0","0","2048","0xc5eb","0",
"4","20",,"0x0000","0x02","0","1","0","0","56","17","0x3c04","142.250.182.14","192.168.1.2","54","0x00",,,,,,,,,,,,,,,,,,
"4","20",,"0x0000","0x02","0","1","0","0","64","17","0x33fc","192.168.1.2","142.250.182.14","62","0x00",,,,,,,,,,,,,,,,,,
"4","20",,"0x0000","0x02","0","1","0","0","56","17","0x3c04","142.250.182.14","192.168.1.2","54","0x00",,,,,,,,,,,,,,,,,,
"4","20",,"0x7814","0x02","0","1","0","0","237","6","0xe798","34.237.73.95","192.168.1.2","52","0x20","443","49556","1","2","0","32","0x0010","0","0","0","0","1","0","0","248","0x2118","0",
"4","20",,"0x7815","0x02","0","1","0","0","237","6","0xe686","34.237.73.95","192.168.1.2","323","0x22","443","49556","1","251","271","32","0x0018","0","0","0","1","1","0","0","251","0x74e0","0",
"4","20",,"0x0000","0x02","0","1","0","0","64","6","0x0cce","192.168.1.2","34.237.73.95","52","0x00","49556","443","251","272","0","32","0x0010","0","0","0","0","1","0","0","2043","0x670b","0",
"4","20",,"0x0000","0x02","0","1","0","0","64","17","0x33fc","192.168.1.2","142.250.182.14","62","0x00",,,,,,,,,,,,,,,,,,
"4","20",,"0x0000","0x02","0","1","0","0","64","17","0x33fc","192.168.1.2","142.250.182.14","62","0x00",,,,,,,,,,,,,,,,,,
"4","20",,"0x0000","0x02","0","1","0","0","56","17","0x3c04","142.250.182.14","192.168.1.2","54","0x00",,,,,,,,,,,,,,,,,,
"4","20",,"0x0000","0x02","0","1","0","0","56","17","0x3c03","142.250.182.14","192.168.1.2","55","0x00",,,,,,,,,,,,,,,,,,
"4","20",,"0x0000","0x02","0","1","0","0","64","17","0x33fc","192.168.1.2","142.250.182.14","62","0x00",,,,,,,,,,,,,,,,,,
"4","20",,"0x0000","0x02","0","1","0","0","64","17","0x33fc","192.168.1.2","142.250.182.14","62","0x00",,,,,,,,,,,,,,,,,,
"4","20",,"0x0000","0x02","0","1","0","0","56","17","0x3c03","142.250.182.14","192.168.1.2","55","0x00",,,,,,,,,,,,,,,,,,
"4","20",,"0x0000","0x02","0","1","0","0","56","17","0x3c01","142.250.182.14","192.168.1.2","57","0x00",,,,,,,,,,,,,,,,,,
"4","20",,"0xfb88","0x02","0","1","0","0","42","6","0xfd3d","54.227.95.54","192.168.1.2","76","0x22","443","49890","49","57","24","32","0x0018","0","0","0","1","1","0","0","530","0x1d6e","0",
"4","20",,"0x0000","0x02","0","1","0","0","64","6","0xe300","192.168.1.2","54.227.95.54","52","0x00","49890","443","57","73","0","32","0x0010","0","0","0","0","1","0","0","2048","0x1c42","0",
"4","20",,"0x0000","0x02","0","1","0","0","64","6","0xe2e2","192.168.1.2","54.227.95.54","80","0x02","49890","443","57","73","28","32","0x0018","0","0","0","1","1","0","0","2048","0x1f66","0",
,,,,,,,,,,,,,,,,,,,,,,,,,,,,,,,,,
,,,,,,,,,,,,,,,,,,,,,,,,,,,,,,,,,
"4","20",,"0xfb89","0x02","0","1","0","0","42","6","0xfd56","54.227.95.54","192.168.1.2","52","0x20","443","49890","73","85","0","32","0x0010","0","0","0","0","1","0","0","530","0x210b","0",
"4","20",,"0xdc7b","0x02","0","1","0","0","255","17","0xfc69","192.168.1.10","224.0.0.251","89","0x00",,,,,,,,,,,,,,,,,,
"4","20",,"0x0000","0x02","0","1","0","0","64","17","0x33fc","192.168.1.2","142.250.182.14","62","0x00",,,,,,,,,,,,,,,,,,
"4","20",,"0x0000","0x02","0","1","0","0","56","17","0x3c01","142.250.182.14","192.168.1.2","57","0x00",,,,,,,,,,,,,,,,,,
"4","20",,"0x18ac","0x00","0","0","0","0","1","17","0xfe16","192.168.1.2","224.0.0.251","133","0x00",,,,,,,,,,,,,,,,,,
"4","20",,"0x98b5","0x00","0","0","0","0","255","17","0x9e0c","192.168.1.6","192.168.1.2","466","0x00",,,,,,,,,,,,,,,,,,
"4","20",,"0xb343","0x02","0","1","0","0","242","6","0x6c0c","13.248.153.165","192.168.1.2","94","0x02","443","49718","1","1","42","32","0x0018","0","0","0","1","1","0","0","266","0x6bb4","0",
"4","20",,"0x0000","0x02","0","1","0","0","64","6","0xd17c","192.168.1.2","13.248.153.165","52","0x00","49718","443","1","43","0","32","0x0010","0","0","0","0","1","0","0","2047","0x6fd1","0",
"4","20",,"0x0000","0x02","0","1","0","0","64","6","0xd14c","192.168.1.2","13.248.153.165","98","0x02","49718","443","1","43","46","32","0x0018","0","0","0","1","1","0","0","2048","0x04ab","0",
"4","20",,"0xb344","0x02","0","1","0","0","242","6","0x6c37","13.248.153.165","192.168.1.2","52","0x00","443","49718","43","47","0","32","0x0010","0","0","0","0","1","0","0","266","0x7632","0",
"4","20",,"0x8535","0x00","0","0","0","0","64","6","0x4afa","192.168.1.2","18.161.214.85","40","0x00","49852","443","1","1","0","20","0x0010","0","0","0","0","1","0","0","2048","0x5b35","0",
"4","20",,"0xbd2b","0x00","0","0","0","0","244","6","0x5ef7","18.161.214.85","192.168.1.2","52","0x00","443","49852","1","2","0","32","0x0010","0","0","0","0","1","0","0","133","0xd1ce","0",
"4","20",,"0xcf7d","0x00","0","0","0","0","64","6","0x43de","192.168.1.2","13.248.151.210","40","0x00","49554","443","1","1","0","20","0x0010","0","0","0","0","1","0","0","2048","0x4ee0","0",
"6",,,,,,,,,,,,,,,,"50013","49637","1048","793","349","32","0x0018","0","0","0","1","1","0","0","157","0x079e","0",
"6",,,,,,,,,,,,,,,,"49637","50013","793","1397","0","32","0x0010","0","0","0","0","1","0","0","2048","0x755c","0",
"6",,,,,,,,,,,,,,,,"49637","50013","793","1397","264","32","0x0018","0","0","0","1","1","0","0","2048","0xca9d","0",
"6",,,,,,,,,,,,,,,,"50013","49637","1397","1057","0","32","0x0010","0","0","0","0","1","0","0","157","0x7bb0","0",
"4","20",,"0x0430","0x02","0","1","0","0","242","6","0x1d1f","13.248.151.210","192.168.1.2","52","0x00","443","49554","1","2","0","32","0x0010","0","0","0","0","1","0","0","179","0xe78e","0",
"4","20",,"0x0a0e","0x02","0","1","0","0","55","6","0xe405","162.247.241.14","192.168.1.2","52","0x00","443","49562","403","1058","0","32","0x0010","0","0","0","0","1","0","0","8","0x091d","0",
"4","20",,"0x0000","0x02","0","1","0","0","64","6","0xe513","192.168.1.2","162.247.241.14","52","0x00","49562","443","1058","404","0","32","0x0010","0","0","0","0","1","0","0","2048","0x3dc4","0",
"4","20",,"0xfdd9","0x02","0","1","0","0","55","6","0xaf22","104.17.107.108","192.168.1.2","466","0x02","443","49232","1","1","414","32","0x0018","0","0","0","1","1","0","0","8","0x180d","0",
"4","20",,"0x0000","0x02","0","1","0","0","64","6","0xa59c","192.168.1.2","104.17.107.108","52","0x00","49232","443","1","415","0","32","0x0010","0","0","0","0","1","0","0","2041","0xea88","0",
"4","20",,"0x0000","0x02","0","1","0","0","64","6","0xa43d","192.168.1.2","104.17.107.108","401","0x02","49232","443","1","415","349","32","0x0018","0","0","0","1","1","0","0","2048","0x3617","0",
"4","20",,"0xfdda","0x02","0","1","0","0","55","6","0xb0c1","104.17.107.108","192.168.1.2","52","0x00","443","49232","415","350","0","32","0x0010","0","0","0","0","1","0","0","8","0xf112","0",
"6",,,,,,,,,,,,,,,,"50013","49637","1396","1057","0","20","0x0010","0","0","0","0","1","0","0","2048","0x031e","0",
"6",,,,,,,,,,,,,,,,"49637","50013","1057","1397","0","32","0x0010","0","0","0","0","1","0","0","2048","0x70f0","0",
"4","20",,"0x5ddc","0x02","0","1","0","0","255","17","0x7b0f","192.168.1.4","224.0.0.251","89","0x00",,,,,,,,,,,,,,,,,,
"4","20",,"0x0000","0x02","0","1","0","0","64","17","0x33fc","192.168.1.2","142.250.182.14","62","0x00",,,,,,,,,,,,,,,,,,
"4","20",,"0x0000","0x02","0","1","0","0","56","17","0x3c01","142.250.182.14","192.168.1.2","57","0x00",,,,,,,,,,,,,,,,,,
"4","20",,"0x3042","0x00","0","0","0","0","64","6","0xfcfc","192.168.1.2","52.205.87.26","40","0x00","49961","443","1","1","0","20","0x0010","0","0","0","0","1","0","0","2048","0x0e79","0",
"4","20",,"0x0000","0x02","0","1","0","0","64","6","0xf6a6","192.168.1.2","157.240.228.60","122","0x00","49553","443","344","1272","70","32","0x0018","0","0","0","1","1","0","0","2048","0x061c","0",
"4","20",,"0x2d93","0x02","0","1","0","0","238","6","0x117f","52.205.87.26","192.168.1.2","52","0x20","443","49961","1","2","0","32","0x0010","0","0","0","0","1","0","0","425","0x51e2","0",
"4","20",,"0x0000","0x02","0","1","0","0","64","6","0xf6a6","192.168.1.2","157.240.228.60","122","0x00","49553","443","344","1272","70","32","0x0018","0","0","0","1","1","0","0","2048","0x055f","0",
"4","20",,"0xbb06","0x02","0","1","0","0","85","6","0x26e6","157.240.228.60","192.168.1.2","52","0x00","443","49553","1272","414","0","32","0x0010","0","0","0","0","1","0","0","334","0xa8fa","0",
"4","20",,"0xbb07","0x02","0","1","0","0","85","6","0x26e5","157.240.228.60","192.168.1.2","52","0x00","443","49553","1272","414","0","32","0x0010","0","0","0","0","1","0","0","334","0xa83d","0",
"4","20",,"0xacf3","0x00","0","0","0","0","64","6","0xf8f8","192.168.1.2","74.125.200.188","40","0x00","49550","5228","1","1","0","20","0x0010","0","0","0","0","1","0","0","2048","0xe3e8","0",
"4","20",,"0x03ef","0x00","0","0","0","0","119","6","0x6a71","74.125.200.188","192.168.1.2","52","0x80","5228","49550","1","2","0","32","0x0010","0","0","0","0","1","0","0","270","0x6232","0",
"4","20",,"0xbb08","0x02","0","1","0","0","85","6","0x269c","157.240.228.60","192.168.1.2","124","0x00","443","49553","1272","414","72","32","0x0018","0","0","0","1","1","0","0","334","0xa900","0",
"4","20",,"0x0000","0x02","0","1","0","0","64","6","0xf6ec","192.168.1.2","157.240.228.60","52","0x00","49553","443","414","1344","0","32","0x0010","0","0","0","0","1","0","0","2046","0x9f3e","0",
"4","20",,"0x9f65","0x00","0","0","0","0","64","6","0x905d","192.168.1.2","104.17.33.82","40","0x00","49965","443","1","1","0","20","0x0010","0","0","0","0","1","0","0","2048","0x6531","0",
"4","20",,"0xabff","0x02","0","1","0","0","55","6","0x4cb7","104.17.33.82","192.168.1.2","52","0x00","443","49965","1","2","0","32","0x0010","0","0","0","0","1","0","0","8","0x301f","0",
"4","20",,"0x86b8","0x00","0","0","0","0","64","6","0xb87e","192.168.1.2","99.86.22.153","40","0x00","49851","443","1","1","0","20","0x0010","0","0","0","0","1","0","0","11887","0x9077","0",
"4","20",,"0x5d86","0x00","0","0","0","0","242","6","0x2fa4","99.86.22.153","192.168.1.2","52","0x00","443","49851","1","2","0","32","0x0010","0","0","0","0","1","0","0","139","0xedbc","0",
"4","20",,"0xa4e3","0x00","0","0","0","0","64","6","0x9e72","192.168.1.2","18.155.99.53","40","0x00","49966","443","1","1","0","20","0x0010","0","0","0","0","1","0","0","2048","0x5d6e","0",
"4","20",,"0xb441","0x00","0","0","0","0","245","6","0xda07","18.155.99.53","192.168.1.2","52","0x00","443","49966","1","2","0","32","0x0010","0","0","0","0","1","0","0","133","0xec14","0",
"4","20",,"0xf9f3","0x00","0","0","0","0","64","6","0x801e","192.168.1.2","52.7.11.13","40","0x00","49559","443","1","1","0","20","0x0010","0","0","0","0","1","0","0","2048","0x6758","0",
"6",,,,,,,,,,,,,,,,,,,,,,,,,,,,,,,,,
"6",,,,,,,,,,,,,,,,,,,,,,,,,,,,,,,,,
"4","20",,"0xea04","0x02","0","1","0","0","239","6","0xa0e0","52.7.11.13","192.168.1.2","52","0x20","443","49559","1","2","0","32","0x0010","0","0","0","0","1","0","0","238","0xb12d","0",
"4","20",,"0x7d6f","0x00","0","0","0","0","64","6","0xef3a","192.168.1.2","13.32.63.92","40","0x00","49853","443","1","1","0","20","0x0010","0","0","0","0","1","0","0","2048","0x67e2","0",
"4","20",,"0x3017","0x00","0","0","0","0","243","6","0x8986","13.32.63.92","192.168.1.2","52","0x00","443","49853","1","2","0","32","0x0010","0","0","0","0","1","0","0","153","0xaefa","0",
"4","20",,"0x0293","0x00","0","0","0","0","64","6","0x4764","192.168.1.2","104.18.7.29","40","0x00","49968","443","1","1","0","20","0x0010","0","0","0","0","1","0","0","2048","0x9844","0",
"4","20",,"0x0b45","0x02","0","1","0","0","57","6","0x0586","104.18.7.29","192.168.1.2","52","0x20","443","49968","1","2","0","32","0x0010","0","0","0","0","1","0","0","8","0x40f7","0",
"4","20",,"0x1240","0x00","0","0","0","0","64","6","0x1c04","192.168.1.2","172.67.222.158","40","0x00","49967","443","1","1","0","20","0x0010","0","0","0","0","1","0","0","2048","0x3633","0",
"4","20",,"0xba30","0x02","0","1","0","0","55","6","0x3ce7","172.67.222.158","192.168.1.2","52","0x20","443","49967","1","2","0","32","0x0010","0","0","0","0","1","0","0","8","0x51e8","0",
"4","20",,"0xfb8a","0x02","0","1","0","0","42","6","0xfd3b","54.227.95.54","192.168.1.2","76","0x22","443","49890","73","85","24","32","0x0018","0","0","0","1","1","0","0","530","0x52d2","0",
"4","20",,"0x0000","0x02","0","1","0","0","64","6","0xe300","192.168.1.2","54.227.95.54","52","0x00","49890","443","85","97","0","32","0x0010","0","0","0","0","1","0","0","2048","0xce12","0",
"4","20",,"0x0000","0x02","0","1","0","0","64","6","0xe2e2","192.168.1.2","54.227.95.54","80","0x02","49890","443","85","97","28","32","0x0018","0","0","0","1","1","0","0","2048","0xbc4e","0",
"4","20",,"0xfb8b","0x02","0","1","0","0","42","6","0xfd54","54.227.95.54","192.168.1.2","52","0x20","443","49890","97","113","0","32","0x0010","0","0","0","0","1","0","0","530","0xd301","0",
"4","20",,"0x914f","0x00","0","0","0","0","64","6","0x2a6b","192.168.1.2","140.82.113.25","40","0x00","49555","443","1","1","0","20","0x0010","0","0","0","0","1","0","0","2048","0x8685","0",
"4","20",,"0xf1a0","0x02","0","1","0","0","46","6","0x9bed","140.82.113.25","192.168.1.2","52","0x20","443","49555","1","2","0","32","0x0010","0","0","0","0","1","0","0","70","0xc6bc","0",
"4","20",,"0x0000","0x02","0","1","0","0","64","17","0x33fc","192.168.1.2","142.250.182.14","62","0x00",,,,,,,,,,,,,,,,,,
"4","20",,"0x0000","0x02","0","1","0","0","56","17","0x3c01","142.250.182.14","192.168.1.2","57","0x00",,,,,,,,,,,,,,,,,,
"4","20",,"0x0000","0x02","0","1","0","0","56","17","0x3bfa","142.250.182.14","192.168.1.2","64","0x00",,,,,,,,,,,,,,,,,,
"4","20",,"0x0000","0x02","0","1","0","0","56","17","0x3ba0","142.250.182.14","192.168.1.2","154","0x00",,,,,,,,,,,,,,,,,,
"4","20",,"0x0000","0x02","0","1","0","0","56","17","0x3bfa","142.250.182.14","192.168.1.2","64","0x00",,,,,,,,,,,,,,,,,,
"4","20",,"0x0000","0x02","0","1","0","0","64","17","0x33fb","192.168.1.2","142.250.182.14","63","0x00",,,,,,,,,,,,,,,,,,
"4","20",,"0x0000","0x02","0","1","0","0","64","17","0x3163","192.168.1.2","142.250.182.14","727","0x00",,,,,,,,,,,,,,,,,,
"4","20",,"0x0000","0x02","0","1","0","0","56","17","0x3bfe","142.250.182.14","192.168.1.2","60","0x00",,,,,,,,,,,,,,,,,,
"4","20",,"0x0000","0x02","0","1","0","0","64","17","0x33fc","192.168.1.2","142.250.182.14","62","0x00",,,,,,,,,,,,,,,,,,
"4","20",,"0x0000","0x02","0","1","0","0","64","17","0x33fc","192.168.1.2","142.250.182.14","62","0x00",,,,,,,,,,,,,,,,,,
"4","20",,"0x0000","0x02","0","1","0","0","56","17","0x3c04","142.250.182.14","192.168.1.2","54","0x00",,,,,,,,,,,,,,,,,,
"4","20",,"0x0000","0x02","0","1","0","0","56","17","0x3a17","142.250.182.14","192.168.1.2","547","0x00",,,,,,,,,,,,,,,,,,
"4","20",,"0x0000","0x02","0","1","0","0","56","17","0x3be3","142.250.182.14","192.168.1.2","87","0x00",,,,,,,,,,,,,,,,,,
"4","20",,"0x0000","0x02","0","1","0","0","64","17","0x33f6","192.168.1.2","142.250.182.14","68","0x00",,,,,,,,,,,,,,,,,,
"4","20",,"0x0000","0x02","0","1","0","0","64","17","0x33fc","192.168.1.2","142.250.182.14","62","0x00",,,,,,,,,,,,,,,,,,
"4","20",,"0x0000","0x02","0","1","0","0","56","17","0x3c04","142.250.182.14","192.168.1.2","54","0x00",,,,,,,,,,,,,,,,,,
"4","20",,"0x8486","0x00","0","0","0","0","64","6","0xe80e","192.168.1.2","13.32.63.113","40","0x00","49867","443","1","1","0","20","0x0010","0","0","0","0","1","0","0","2048","0xa603","0",
"4","20",,"0xeb71","0x00","0","0","0","0","64","6","0xe272","192.168.1.2","18.161.216.160","40","0x00","49861","443","1","1","0","20","0x0010","0","0","0","0","1","0","0","2338","0x10c2","0",
"4","20",,"0x8313","0x00","0","0","0","0","64","6","0x4aee","192.168.1.2","13.249.221.43","40","0x00","49857","443","1","1","0","20","0x0010","0","0","0","0","1","0","0","2048","0x524e","0",
"4","20",,"0x6205","0x00","0","0","0","0","64","6","0xdd31","192.168.1.2","99.86.22.153","40","0x00","49855","443","1","1","0","20","0x0010","0","0","0","0","1","0","0","5171","0x9b35","0",
"4","20",,"0x6342","0x00","0","0","0","0","245","6","0xb595","18.161.216.160","192.168.1.2","52","0x00","443","49861","1","2","0","32","0x0010","0","0","0","0","1","0","0","133","0x349c","0",
"4","20",,"0x42bd","0x00","0","0","0","0","242","6","0x77cb","13.32.63.113","192.168.1.2","52","0x00","443","49867","1","2","0","32","0x0010","0","0","0","0","1","0","0","136","0xbf5e","0",
"4","20",,"0x94a0","0x00","0","0","0","0","242","6","0xf889","99.86.22.153","192.168.1.2","52","0x00","443","49855","1","2","0","32","0x0010","0","0","0","0","1","0","0","133","0x36c0","0",
"4","20",,"0xdd20","0x00","0","0","0","0","243","6","0x3dd4","13.249.221.43","192.168.1.2","52","0x00","443","49857","1","2","0","32","0x0010","0","0","0","0","1","0","0","133","0xdd6c","0",
"4","20",,"0x0000","0x02","0","1","0","0","64","17","0x33fc","192.168.1.2","142.250.182.14","62","0x00",,,,,,,,,,,,,,,,,,
"4","20",,"0x0000","0x02","0","1","0","0","56","17","0x3c04","142.250.182.14","192.168.1.2","54","0x00",,,,,,,,,,,,,,,,,,
"4","20",,"0x0000","0x02","0","1","0","0","64","17","0x33fc","192.168.1.2","142.250.182.14","62","0x00",,,,,,,,,,,,,,,,,,
"4","20",,"0x7c4d","0x00","0","0","0","0","64","6","0x58c3","192.168.1.2","18.161.209.116","40","0x00","49871","443","1","1","0","20","0x0010","0","0","0","0","1","0","0","2048","0x6ca8","0",
"4","20",,"0x5c5b","0x00","0","0","0","0","64","6","0x71a6","192.168.1.2","13.249.221.43","40","0x00","49870","443","1","1","0","20","0x0010","0","0","0","0","1","0","0","2048","0xec7d","0",
"4","20",,"0x0000","0x02","0","1","0","0","56","17","0x3c04","142.250.182.14","192.168.1.2","54","0x00",,,,,,,,,,,,,,,,,,
"4","20",,"0x528e","0x00","0","0","0","0","245","6","0xcd75","18.161.209.116","192.168.1.2","52","0x00","443","49871","1","2","0","32","0x0010","0","0","0","0","1","0","0","139","0xfd68","0",
"4","20",,"0x9dec","0x00","0","0","0","0","242","6","0x7e08","13.249.221.43","192.168.1.2","52","0x00","443","49870","1","2","0","32","0x0010","0","0","0","0","1","0","0","153","0x669d","0",
"4","20",,"0x0000","0x02","0","1","0","0","64","17","0x33fc","192.168.1.2","142.250.182.14","62","0x00",,,,,,,,,,,,,,,,,,
"4","20",,"0x0000","0x02","0","1","0","0","56","17","0x3c04","142.250.182.14","192.168.1.2","54","0x00",,,,,,,,,,,,,,,,,,
"4","20",,"0x0000","0x02","0","1","0","0","64","17","0x33fc","192.168.1.2","142.250.182.14","62","0x00",,,,,,,,,,,,,,,,,,
"4","20",,"0x0000","0x02","0","1","0","0","56","17","0x3c04","142.250.182.14","192.168.1.2","54","0x00",,,,,,,,,,,,,,,,,,
"4","20",,"0x0000","0x02","0","1","0","0","64","17","0x33fc","192.168.1.2","142.250.182.14","62","0x00",,,,,,,,,,,,,,,,,,
"4","20",,"0x0000","0x02","0","1","0","0","56","17","0x3c04","142.250.182.14","192.168.1.2","54","0x00",,,,,,,,,,,,,,,,,,
"6",,,,,,,,,,,,,,,,"50013","49637","1397","1057","349","32","0x0018","0","0","0","1","1","0","0","157","0xedf4","0",
"6",,,,,,,,,,,,,,,,"49637","50013","1057","1746","0","32","0x0010","0","0","0","0","1","0","0","2048","0x1fc6","0",
"6",,,,,,,,,,,,,,,,"49637","50013","1057","1746","264","32","0x0018","0","0","0","1","1","0","0","2048","0x5c0f","0",
"6",,,,,,,,,,,,,,,,"50013","49637","1746","1321","0","32","0x0010","0","0","0","0","1","0","0","157","0x260c","0",
"4","20",,"0x0000","0x02","0","1","0","0","64","17","0x33fc","192.168.1.2","142.250.182.14","62","0x00",,,,,,,,,,,,,,,,,,
"4","20",,"0x01c2","0x00","0","0","0","0","64","6","0xa778","192.168.1.2","151.101.120.134","40","0x00","49882","443","1","1","0","20","0x0010","0","0","0","0","1","0","0","2048","0xade4","0",
"4","20",,"0xc6f2","0x00","0","0","0","0","64","6","0x8291","192.168.1.2","99.86.12.76","40","0x00","49850","443","1","1","0","20","0x0010","0","0","0","0","1","0","0","2048","0xe72f","0",
"4","20",,"0x1db1","0x02","0","1","0","0","49","6","0xa8ec","66.203.125.15","192.168.1.2","436","0x22","443","49287","385","346","384","32","0x0018","0","0","0","1","1","0","0","43","0x2c97","0",
"4","20",,"0x0000","0x02","0","1","0","0","64","6","0xb93f","192.168.1.2","66.203.125.15","52","0x00","49287","443","346","769","0","32","0x0010","0","0","0","0","1","0","0","2048","0x8fb6","0",
"4","20",,"0x0000","0x02","0","1","0","0","64","6","0xb7e4","192.168.1.2","66.203.125.15","397","0x02","49287","443","346","769","345","32","0x0018","0","0","0","1","1","0","0","2048","0x0876","0",
"4","20",,"0xc909","0x00","0","0","0","0","242","6","0xce6d","99.86.12.76","192.168.1.2","52","0x00","443","49850","1","2","0","32","0x0010","0","0","0","0","1","0","0","198","0xfb2e","0",
"4","20",,"0x0000","0x02","0","1","0","0","56","17","0x3c04","142.250.182.14","192.168.1.2","54","0x00",,,,,,,,,,,,,,,,,,
"4","20",,"0xd67f","0x02","0","1","0","0","50","6","0xa086","151.101.120.134","192.168.1.2","52","0x28","443","49882","1","2","0","32","0x0010","0","0","0","0","1","0","0","287","0x9cf1","0",
"4","20",,"0x1db2","0x02","0","1","0","0","49","6","0xaa6d","66.203.125.15","192.168.1.2","52","0x20","443","49287","769","691","0","32","0x0010","0","0","0","0","1","0","0","43","0x9494","0",
"4","20",,"0x0000","0x02","0","1","0","0","64","17","0x33fc","192.168.1.2","142.250.182.14","62","0x00",,,,,,,,,,,,,,,,,,
"4","20",,"0x0000","0x02","0","1","0","0","56","17","0x3c04","142.250.182.14","192.168.1.2","54","0x00",,,,,,,,,,,,,,,,,,
"6",,,,,,,,,,,,,,,,"50013","49637","1745","1321","0","20","0x0010","0","0","0","0","1","0","0","2048","0x00b9","0",
"6",,,,,,,,,,,,,,,,"49637","50013","1321","1746","0","32","0x0010","0","0","0","0","1","0","0","2048","0x1bd3","0",
"4","20",,"0x0137","0x00","0","0","0","0","64","6","0xa003","192.168.1.2","151.101.128.134","40","0x00","49889","443","1","1","0","20","0x0010","0","0","0","0","1","0","0","2053","0xd5bd","0",
"4","20",,"0x5e5a","0x00","0","0","0","0","64","6","0x42e0","192.168.1.2","151.101.128.134","40","0x00","49886","443","1","1","0","20","0x0010","0","0","0","0","1","0","0","2048","0x2040","0",
"4","20",,"0x8bab","0x00","0","0","0","0","1","17","0x7bd1","192.168.1.2","239.255.255.250","204","0x00",,,,,,,,,,,,,,,,,,
"4","20",,"0xe68b","0x02","0","1","0","0","58","6","0x8082","151.101.128.134","192.168.1.2","52","0x20","443","49889","1","2","0","32","0x0010","0","0","0","0","1","0","0","290","0x4b4f","0",
"4","20",,"0xd92f","0x02","0","1","0","0","58","6","0x8dde","151.101.128.134","192.168.1.2","52","0x20","443","49886","1","2","0","32","0x0010","0","0","0","0","1","0","0","301","0xda25","0",
"4","20",,"0xb3b0","0x00","0","0","0","0","64","6","0x5bc1","192.168.1.2","35.160.134.20","40","0x00","49883","443","1","1","0","20","0x0010","0","0","0","0","1","0","0","2048","0x7539","0",
"4","20",,"0x0000","0x02","0","1","0","0","64","17","0x33fc","192.168.1.2","142.250.182.14","62","0x00",,,,,,,,,,,,,,,,,,
"4","20",,"0x0000","0x02","0","1","0","0","56","17","0x3c04","142.250.182.14","192.168.1.2","54","0x00",,,,,,,,,,,,,,,,,,
"4","20",,"0xb1d2","0x02","0","1","0","0","223","6","0x7e72","35.160.134.20","192.168.1.2","52","0x20","443","49883","1","2","0","32","0x0010","0","0","0","0","1","0","0","393","0x5405","0",
"4","20",,"0x91af","0x00","0","0","0","0","1","17","0x75cd","192.168.1.2","239.255.255.250","204","0x00",,,,,,,,,,,,,,,,,,
"4","20",,"0x2793","0x00","0","0","0","0","64","6","0x0fd0","192.168.1.2","18.161.111.34","40","0x00","49885","443","1","1","0","20","0x0010","0","0","0","0","1","0","0","9188","0x9014","0",
"4","20",,"0xbda0","0x00","0","0","0","0","64","6","0x79c2","192.168.1.2","18.161.111.34","40","0x00","49888","443","1","1","0","20","0x0010","0","0","0","0","1","0","0","2048","0x1ddc","0",
"4","20",,"0xbb28","0x02","0","1","0","0","255","17","0x1d91","192.168.1.54","224.0.0.251","89","0x00",,,,,,,,,,,,,,,,,,
"4","20",,"0xee46","0x00","0","0","0","0","64","6","0x0931","192.168.1.6","192.168.1.2","40","0x00","50011","49567","1","1","0","20","0x0010","0","0","0","0","1","0","0","2048","0xb217","0",
"4","20",,"0x60b2","0x00","0","0","0","0","244","6","0x2284","18.161.111.34","192.168.1.2","52","0x20","443","49885","1","2","0","32","0x0010","0","0","0","0","1","0","0","135","0xa869","0",
"4","20",,"0xebc3","0x00","0","0","0","0","244","6","0x9772","18.161.111.34","192.168.1.2","52","0x20","443","49888","1","2","0","32","0x0010","0","0","0","0","1","0","0","135","0x7e9c","0",
"4","20",,"0x0000","0x02","0","1","0","0","64","6","0xb76b","192.168.1.2","192.168.1.6","52","0x00","49567","50011","1","2","0","32","0x0010","0","0","0","0","1","0","0","2048","0xcf7c","0",
"4","20",,"0x0000","0x02","0","1","0","0","64","17","0x33fc","192.168.1.2","142.250.182.14","62","0x00",,,,,,,,,,,,,,,,,,
"4","20",,"0x0000","0x02","0","1","0","0","56","17","0x3c04","142.250.182.14","192.168.1.2","54","0x00",,,,,,,,,,,,,,,,,,
"4","20",,"0x7ee5","0x00","0","0","0","0","1","17","0x8897","192.168.1.2","239.255.255.250","204","0x00",,,,,,,,,,,,,,,,,,
"4","20",,"0x4f46","0x00","0","0","0","0","64","6","0x5849","192.168.1.2","151.101.122.49","40","0x00","49891","443","1","1","0","20","0x0010","0","0","0","0","1","0","0","2048","0x23ac","0",
"4","20",,"0x8333","0x00","0","0","0","0","64","6","0x2607","192.168.1.2","151.101.120.134","40","0x00","49887","443","1","1","0","20","0x0010","0","0","0","0","1","0","0","2048","0x1544","0",
"4","20",,"0xc128","0x02","0","1","0","0","50","6","0xb432","151.101.122.49","192.168.1.2","52","0x28","443","49891","1","2","0","32","0x0010","0","0","0","0","1","0","0","287","0xfe5b","0",
"4","20",,"0x64fb","0x00","0","0","0","0","1","17","0xa281","192.168.1.2","239.255.255.250","204","0x00",,,,,,,,,,,,,,,,,,
"4","20",,"0xda2b","0x02","0","1","0","0","50","6","0x9cda","151.101.120.134","192.168.1.2","52","0x28","443","49887","1","2","0","32","0x0010","0","0","0","0","1","0","0","301","0x0867","0",
"4","20",,"0x11f0","0x00","0","0","0","0","64","6","0xa0aa","192.168.1.2","146.75.116.64","40","0x00","49894","443","1","1","0","20","0x0010","0","0","0","0","1","0","0","2048","0x6d20","0",
"4","20",,"0x0c27","0x02","0","1","0","0","48","6","0x7647","146.75.116.64","192.168.1.2","52","0x20","443","49894","1","2","0","32","0x0010","0","0","0","0","1","0","0","290","0xe776","0",
"4","20",,"0x0a0f","0x02","0","1","0","0","55","6","0xe404","162.247.241.14","192.168.1.2","52","0x00","443","49562","403","1058","0","32","0x0010","0","0","0","0","1","0","0","8","0x91c2","0",
"4","20",,"0x0000","0x02","0","1","0","0","64","6","0xe513","192.168.1.2","162.247.241.14","52","0x00","49562","443","1058","404","0","32","0x0010","0","0","0","0","1","0","0","2048","0x01e2","0",
"4","20",,"0x9e22","0x00","0","0","0","0","64","17","0x5819","192.168.1.2","192.168.1.255","96","0x00",,,,,,,,,,,,,,,,,,
"4","20",,"0x8834","0x00","0","0","0","0","64","6","0x2367","192.168.1.2","198.8.71.130","40","0x00","49900","443","1","1","0","20","0x0010","0","0","0","0","1","0","0","2048","0xa95e","0",
"4","20",,"0x5842","0x00","0","0","0","0","64","6","0x5359","192.168.1.2","198.8.71.130","40","0x00","49903","443","1","1","0","20","0x0010","0","0","0","0","1","0","0","2048","0x36dd","0",
"4","20",,"0x67eb","0x02","0","1","0","0","242","6","0x518f","198.8.71.130","192.168.1.2","40","0x20","443","49900","1","2","0","20","0x0010","0","0","0","0","1","0","0","16483","0x70fa","0",
"4","20",,"0xfb8c","0x02","0","1","0","0","42","6","0xfd39","54.227.95.54","192.168.1.2","76","0x22","443","49890","97","113","24","32","0x0018","0","0","0","1","1","0","0","530","0xc11e","0",
"4","20",,"0x0000","0x02","0","1","0","0","64","6","0xe300","192.168.1.2","54.227.95.54","52","0x00","49890","443","113","121","0","32","0x0010","0","0","0","0","1","0","0","2048","0x7fbe","0",
"4","20",,"0x0000","0x02","0","1","0","0","64","6","0xe2e2","192.168.1.2","54.227.95.54","80","0x02","49890","443","113","121","28","32","0x0018","0","0","0","1","1","0","0","2048","0x5f8e","0",
"4","20",,"0x8477","0x02","0","1","0","0","242","6","0x3503","198.8.71.130","192.168.1.2","40","0x20","443","49903","1","2","0","20","0x0010","0","0","0","0","1","0","0","17678","0xf9cd","0",
"4","20",,"0x0000","0x02","0","1","0","0","64","17","0x33fc","192.168.1.2","142.250.182.14","62","0x00",,,,,,,,,,,,,,,,,,
"4","20",,"0x0000","0x02","0","1","0","0","64","17","0x33fc","192.168.1.2","142.250.182.14","62","0x00",,,,,,,,,,,,,,,,,,
"4","20",,"0x0000","0x02","0","1","0","0","56","17","0x3c04","142.250.182.14","192.168.1.2","54","0x00",,,,,,,,,,,,,,,,,,
"4","20",,"0xfb8d","0x02","0","1","0","0","42","6","0xfd52","54.227.95.54","192.168.1.2","52","0x20","443","49890","121","141","0","32","0x0010","0","0","0","0","1","0","0","530","0x84ad","0",
"4","20",,"0x0000","0x02","0","1","0","0","56","17","0x3c03","142.250.182.14","192.168.1.2","55","0x00",,,,,,,,,,,,,,,,,,
"4","20",,"0xdfc8","0x02","0","1","0","0","255","17","0xf91c","192.168.1.10","224.0.0.251","89","0x00",,,,,,,,,,,,,,,,,,
"4","20",,"0xf9db","0x00","0","0","0","0","64","6","0x6652","192.168.1.2","66.117.22.131","40","0x00","49964","443","1","1","0","20","0x0010","0","0","0","0","1","0","0","2048","0x181b","0",
"4","20",,"0xee76","0x02","0","1","0","0","41","6","0x48b7","66.117.22.131","192.168.1.2","40","0x00","443","49964","1","4294967196","0","20","0x0004","0","0","1","0","0","0","0","0","0xd9f3","0",
